Model,R²,Adj. R²,AIC,BIC
Base Model,0.8373589752619124,0.8260644596551008,-126.81663263861725,-93.33895635250553
Interaction Model,0.9480585410139805,0.9436691219447394,-299.7379996516509,-260.1734731317007
Full Model,0.956872459186603,0.9525597051052633,-324.56110287190876,-278.90972611812003
