Channel,Elasticity,Avg_Spend_K,Marginal_Sales_per_1K,ROI_Ratio
TV,0.12670060106765113,16.66593548387097,41.567319240716614,41.567319240716614
Digital,0.12848878896289567,22.951612903225804,30.609417373099415,30.609417373099415
Social Media,0.12408503719398081,10.64916129032258,63.70991833192254,63.70991833192254
Email,0.03502149498744436,3.2452258064516126,59.00554122851976,59.00554122851976
SEM,0.06598553784413363,14.978387096774194,24.087223855097097,24.087223855097097
